president names,schools
01 president dr. e. r. brannan ,alabama christian college 
01 president dr. willis l. wright ,+alabama lutheran academy and college 
01 president. . dr. levi watkins ,49 head department of science hr. ralph droege 
01 president. dr. byron causey ,alexander city state junior college 
01 president. sidney e. sandridge ,♦ athens state college 
04 spec asst to pres for fin aff dr. grover t. jacobs ,♦central office 
02 chancellor dr. hanly h. funderburk jc. ,* au bur n university at bohtgomery 
01 president. dr . neal p> berte ,birmingham southern college 
01 director nrs. m. l. gaston ,♦booker t. washington business college 
01 president gary l. branch ,brewer state junior college 
"01 president dr. james e, owen ",chattahoochee valley community college 
?’ »r. b. «. forrester ,♦enterprise state junior college 
01 president dr. lathes n. sibert ,
01 president dr. arthur w. dennis ,gadsden state junior college 
"01 president,. dr. phillip j. hama ",+qb0rge c. wallace state commuhity college at dothan 
01 president. hr. charles l. byrd ,george corley wallace state community college at selma 
01 president a hen k. jackson ,huntingdon college 
"01 president., dr. ernest stone ",jacksonville state university 
01 president george r. mccormick ,♦jefferson davis state junior college 
ol president dr. jaaes r. chasteen ,jefferson state junior college 
ol president dr. norman h. mccruncen ,+ oodson college 
q-% president dr. jesse j. levis ,lawson state community college 
01 president ft f a m 1 g !: ee ” ,
01 interim president longmire ,+ l0ha5c-kann0n junior college 
01 president dr. william h. mcwhorter ,♦lurleen b. wallace state junior college 
01 president m gen. thomas h. barfield ,+ marion military institute 
01 president. dr. w. c. williams ,livingston university 
"01 president dr, william k. heaver jr. ",mobile collbge 
01 president dr. ernest r. knox ,northeast alabama state junior college 
01 president. dr. james a. glasgov ,northwest alabama state junior college 
01 president dr. calvin 0. rock ,0akw00d college 
01 president. dr. cecil l. murphy ,patrick henry state junior college 
01 president dr. sanford d. bishop ,♦s. d. bishop state junior college 
01 president dr. leslie s. wright ,sanford university 
° i president dr. h. c. cleveland jr. ,*alephone (205) 872-2533 entity nuober: 1-6 3-036— 7461 — a1 
control: organized as profit hoking quarter ,♦ sheltox state community college 
01 president kenneth c. horne ,
01 president dr. l. ray jones ,♦southern onion state junior college 
teacher preparatory; ,♦spring hill college 
01 president v rev . paul s. tipton ,"enrollment: 1,270 undergraduate tuition and pees: *2^100 "
05 dean^f “the * college.' ‘ ! ‘ ! i !.* .* ]“!!!“! . ^dr^ge^ge' e^ jjnes ,stillman college 
01 president dr. joseph n. gayles ,
01 president dr. ralph m . adams ,♦central office 
02 vice president mr. robert paul ,♦ troy state university at dotiian-fobt rucker 
02 vice president. dr. millard e. elrod ,♦troy state university at montgomery 
01 president. dr. luther k. foster ,tuskegee institute 36088 congressional district: 3 
02 acting president dr. howard b. gundy ,university of a1abama 
»2 president dr. s. r. hill jc. ,* on 1 versit t op a1abima in birmingham 
2 president. „ . ,
01 president dr. james f. vickrey jr. ,86 dean school of nursing y yt!! 2?°‘ ani 
01 president dr. robert m. guillot ,
01 president. david j. rowland ,tyalker college 
01 president. janes c. bailey ,wallace state community college at hanceville 
"01 president,. hr. donald b. campbell ",county* valdez-chitina-bhitt pice identification: 029117 
01 president. dr. glenn a. olds ,alaska pacific university 
01 president. dr. hugh h. holloway ,sheldon jackson college 
02 chancellor dr. howard a. cutler ,♦system office 
<■*2 can pus president dr. rodney enos ,♦♦university of alaska norihwbst community college 
0 2 chancellor dr- frank harrison ,♦university of alaska tanana valley community college 
0 2 campus president dr. edvin biggerstaff ,* university op alaska anchorage community college 
0 2 can pus president dr. j ohn g . pii se y ,♦university of alaska kodiak cohhunity college 
02 campus president mrs. carolyn floyd ,
02 campus president george irvin ,♦oniversity of alaska kuskokwim community college 
02 campus president mr. alvin s. okeson ,♦university of alaska matanuska-susitna community college 
02 chancellor dr. michael e. paradise ,♦university of alaska juneau 
05 president. dr. eugene b. scheer ,♦ university op alaska ketchikan community college 
"02 campus president hr. david r, knapp ",♦university op alaska sitka community college 
assistant to the president. ,
01 president ' dr. william voris ,american graduate school of international management 
01 president. rev. leonard w. fleming ,♦arizona college of the bible 
01 president dr. kenneth e. borland ,arizona state university 
01 president dr. mel a. everinghaa ,central arizona college 
0 1 president dr. ernest j. chiakaakis ,cochise college 
01 president dr. thomas c. jackson ,college of ganado 
ol president hr. harry overton ,♦ deyry institute of technology 
01 president dr. dill williams ,grand canyon college 
02 president dr. john r. haltrip ,maricopa county community college 
♦haric0pa technical community college ,easter n arizona college 
13 ,
02 president mr. theo j. heap ,* mesa community col1egb 
"0 2 president dr. william e, berry ",♦ eh0enix college 
♦ scottsdale community college ,♦ *hio salaeo college 
02 president. dr. art decabooter ,♦ scottsdale community college 
mohave community college ,♦♦south m0u11taim community college 
01 president. dr. keith a. west ,mohave community college 
01 acting president mr. dean jackson ,♦navajo community college 
"01 president,. dr. eugene m. hughes ",♦northern arizona university 
01 president. dr. harvin 1. vasher ,northland pioneer college 
"hi* *“v° presi,leilt dc. judith h . leslie ",pm community collice 
si dr * jaaes «• stuckey ,
01 president. dr. donald ll. launstein ,south western baptist bible college 
01 president dr. john p. schaefer ,university of arizona 
07 dr. john g. sperling ,♦ uni versit y of phoenix 
"1100 east sheldon street, prescott 06301 ",4wbs1ern inter national university 
01 president dr. joseph f. russo ,+ yavapai college 
01 president mr. gary l. culpepper ,* ah eri can college of commerce 
01 president. dr. j. c. oliver ,arkansas baptist college 
01 president dc* dan c. west ,arkansas college 
01 president mr. john m. douglas ,arkansas college of technology 
01 president mr. ray h. thornton ,state university 72467 
02 chanc-dean stdnts-registrar ur. william h. owen jr. ,*arrhh5as state uni? bb 5ity beebe branch 
3* 7ice pres for student affairs mr. travis m adaas ,
01 president pav. john f. bur horn ,college of the ozarks 
"01 president h _ u ., lnu ",crowley's ridge college 
assistant to the president mr. ronald ,east arkansas community college 
01 president dr. clifton l. ganus jr. ,♦central office 
02 dean. dr. harold uazelip ,♦harding graduate school of religion 
01 president dr. martin b. garrison ,bender son state university 
01 president dr. roy 0. shilling jr. ,hendrix college 
0 3 president mr. john e. brown hi ,john brown university 
01 president dr. harry v. smith jr. ,mississippi county community college 
01 president dc. bill baker ,north arkansas community college 
01 president dr. daniel r. grant ,ouachita baptist university 
01 president dr. grant s. shockley ,
dr. john v. easley ,phillips count! cohhuhiti college 
01 president dr r harold t. urinaoi ,♦central office 
02 chancellor dr. den t. hhitfieu’ ,county: union fice identification: 01317f 
dr- reginald j. hampton ,
01 president. dr. james e. martin ,
"hus, ted ",♦southern baptist college 
02 chancellor dr. g. robert ross ,♦university of arkansas at littlb rock 
"rstii, sp, surgt ",♦university of arkansas medical sciences campus 
02 chancellor dr. fred j. taylor ,♦university of arkansas at hohticell'o 
02 chancellor . dr. herman b. smith jr. ,
01 president dr. jefferson d. farris jr. ,university op centra! arkansas 
0 1 president dr. james kraby ,vistark community college 
01 president dr. gary r. edeibrock ,allan hancock college 
01 executive director mr. michael thoma ,american academy of dramatic arts-hest 
"01 president . dr, l , coward mcbain ",american baptist seminary op the west 
s“* ct0r men fletcher ,
01 president. dr. clinton h. stine ,bakersfield college 
01 president dr. john j. collins ,armstrong college 
01 ,
01 president and directdr. •••■ don kubly ,art center college cp design 
01 president. ,♦azusa pacific college 
01 president edwin spear ,barstoh college 
01 president. killian j. kettle ,bauder college specializing in career education 
01 director keith p. binkle jr. ,
01 president. rev. richard b. poth ,bethany bible college 
04 president dr. j. richard chase ,bi01a college 
os ess ;; “lusr ,
"05 director acadeaic affairs .„*.*.”” . n r b safi-—. 8 ? 00 * 8 ,! 1 ",
"01 superintendent-president dr. wendell l, roodor ",butte college 
01 president dr. john c. petersen ,cabrillo college 
ns »r«a«< nt n dr. ja » es r - staples ,california baptist college 
"01 president, . . ",
01 president hr. harry x. ford ,california college cf arts and crafts 
01 president dr. marvin l. goldbetger ,california institute of technology 
01 act g pres 6 dir bus affairs hr. honi jamshed ,california college of poeiatric medicine 
01 president robert 0. fitzpatrick ,♦california institute of the arts 
01 president. dr. theodore vestal ,california institute of asian studies 
01 president dr. carl w. segerhaamar ,california lutheran college 
01 president r adm. joseph p. rizza ,
02 caapue dean dr. edvard bourg ,♦♦central office 
02 caapus dean fresco dr. ibrahia m. abou-ghorra ,* *c all pornia school op professional psychology at fresno 
"•? ;5i°, o £ d a^^u;;;;;;e'rfairr.::::;;:;;;*o r ? r cosns?rp^ii^ ",
02 caapus dean „„ . ,
02 president dr. jacob p. ftankal ,♦system office 
02 president ,
02 president dr. a. halter olson ,♦california state ccllege- stanislaus 
02 president dr. harren j. baker ,♦california polytechnic state univ ersity-s a n luis obispo 
02 president dr. hugh 0. labounty jr. ,♦california state polytechnic un iver si ty -pomona 
02 president dr. robin wilson ,♦california state univ ersity-chico 
02 president dr. donald r. garth ,♦california state university dominguez hills 
02 president. dr. harold h. haak ,♦ california state uhi versi1 y-pr3s no 
02 president l * donaia shields ,count*: orange fice identification: 001137 
02 president dr. ellis e. nccune ,♦california 5tate university -h mbaud 
"hur, pta, sp, sh ",♦california state university-long beach 
02 president. janes h« roi ,♦california state university-los angeles 
02 president dr. james cl ,
02 president dr. v. lloyd johns ,♦california state univ er si ty- sacramento 
02 president dr. alistair w. mccrone ,♦ humboldt state university 
02 president dr. thomas b. day ,
02 president. dr. paul f. romberg ,♦san francisco state university 
02 president. dr. gail p. fullerton ,♦san jose state university 
02 president dr. peter dianandopoulos ,• sough a state university 
05 chief academic officer robert k. castetter ,♦california western school of law 
01 president dr. estelle shane ,
01 president and superintendent. ,cerrjtcs college 
01 president dr. raymond a. hccu<? ,cerro coso community college 
01 president dr. reed l. buffiugtor ,c1iabot college 
01 president. dr. james l. catnnzari ,+chaffey college 
01 president - mr. g. t. smith ,+chapm a n college 
01 presiaont and dean of students dr. allen ii. nauss ,♦christ college irvine 
01 president dr. henr * a * horcis ,♦christian heritage college 
01 dean and president rev. frederick h. borsch ,
01 president dr. robert d. haugh ,citrus college 
02 president . dr. joseph fi. platt ,♦■system office 
02 president. ,♦claremont men's college 
02 president david r. baker ,♦ ♦barve'i rudd college 
02 president hr. frank x. ellsworth ,♦pitzer college 
nj? president. * • * david alexander ,* pomona college 
"02 president rr 1nlir , u ",♦scrip ps college 
coast cohhunity college ,♦cleveland chiropractic college 
02 president dr. bernard j. luskin ,♦system office 
02 president. dr. lee a. stevens ,♦goldin west college 
02 president dr. robert b. moore ,♦orange coast college 
01 president ,cogswell college 
01 president maurice egan ,♦coleman college 
01 president. — dr. leland b. newcomer ,college of the canyons 
01 president. dr. f. c. stout ,college of the .dbs bbt 
01 president. levin p. diamond ,college of marin 
q1 president sr. catharine j. cunningham ,college of notre dame 
01 president . . dr. philip pumerantz ,college of osteopathic medicine of the pacific 
01 president dr. iran c. crookshanks ,college op the redwoods 
01 president. ernest m. bauaoistec ,
01 president dr. abel b. sykes jr. ,cohptoif community college 
01 president dr. eugene schumacher ,college of the siskiyous 
0 2 president dr. dean cunningham ,
02 president dr. k. rex ct’aiq ,♦♦contra costa college 
02 president dr. william e. niland ,♦♦diablo valley college 
*los medan0s ccllegi ,+cuyamaca college 
02 president hr. john i. carhart ,*los medan0s ccllegi 
01 president. dr. william j. moore ,crafton hills college 
01 president dr. prank r * martinez ,cubsta college 
01 president jack scott ,cypress college 
02 president nr. steve baldi ,♦d-q university 
01 dean and director chris h. breiseth ,deep springs college 
01 president. sr. h- sanuel conlan ,4 domi nic an college op san rafael 
01 president. v rev. antoninus nall ,dominican school of philosophy a hd theology 
01 president hev. william p. schafer ,don . bo sco technical institute 
01 president. dr. stuart e. harsee ,♦bl camin0 college 
01 president mrs. tonlan thomas liohberg ,county: los angeles pice identification: 0 1 1 1 ■* 2 
01 president ^ dr. frederic m . hudson ,♦fielding institute 
02 president dr. a. robert dehart ,♦ ♦de anza college 
02 president dr. japes s. fitzgerald ,+*f00thill college 
01 president and dean. dr. kenan d. osborne ,franciscan sch col of tiieolcg y 
01 president hr. edmund jaozen ,fresno pacipic college 
01 president dr. david a. hubbard ,+pullbr theological seminary 
01 president.- dr. philip w. borst ,fullerton coll eg b 
01 president dr. rudolph melons ,
01 president dr. john a. grande ,glendale community college 
01 president. dr. william h. pimson jr. ,golden gate baptist theological seminary 
01 president dr. otto w. butz ,
0 1 president and dean dr. claude welch ,graduate theological union 
02 president dr. ivan l. jones ,gfossk ont college 
"01 superintendent-president dr . g ibb r , badsed ",harthell college 
01 president dc * james dei ,+bsald engineering college 
01 president sr. jeanette ke! ,+h0ly family college 
"01 president • sr, irene woodwi ",holy names college 
nc fresident dr. donald polkingho ,humanistic psychology institute 
01 president. john r. humphreys ,
01 president. rev. richard a. hill ,
01 president and superintendent dr. dan angel ,imperial valley college 
01 president ms. constance carroll ,indian valley colleges 
01 president °r. pa “l ?• pcoehl ,+inter national college 
01 president dr. robert m. fisher ,♦ jesuit school of trb0l0gy 
01 president dr. james w. duke ,lake tahoe community college 
01 president dr. warren sorenson ,lassen college 
01 president ••••• dr. jack w. hayford ,l. i. f. e. bible college 
01 president. dr. 2. qarbara jors.s ,lincoln university 
"sed, hfcd, bra, at, nkt , nub, 0t, pd, pta, rad, rstb, rtt, ",l0ha linda university 
01 president. — . dr. prank c. pearce ,♦long beach city collbge 
01 president. dr. john r. dunktn ,los angeles baptist college 
01 president dr. b. maylon drake ,los angeles college of chiropractic 
02 president hr. arthur avila ,♦♦east los angeles college 
02 president dr. stelle feuers ,+*105 angeles city college 
02 president. hr. edward w. robings ,+ *los angeles harbor college 
02 president dr. herbert favetch ,♦los angeles mission college 
". dr. walter c, mcintosh ",♦♦los angeles southwest college 
william h. mann ,♦♦los angeles trade-technical college 
02 president. - dr> a “ ce aliatol » az oc ,♦ *los angeles valley college 
02 president. dr. jack fujiaoto ,he5t los angel bs collsgb 
r tesi ^f n i‘ * dr. robert d. jensen ,los rios cohhunity college 
02 president hr. y incent p . pa dilla ,
02 president hr. douglas v. burris ,♦sacramento city college 
01 president rev. donald p. merrifield ,loyola haryhoont university 
01 president. d r. thomas d. mood ,♦maryhcunt palcs verdes college 
01 president. dr. j. rodman hilliaas ,+belodyland school of theology 
01 president hr- robert f. agrella ,+heneocino college 
01 president dr. richard f. o'brien ,menlo college 
01 president. dr. bluer a. martens ,kbhnonite brethren biblical seminary 
01 president dr. w. c. martineson ,merced college 
01 president dr- dohn macdonald ,hills college 
02 president. dr. kenneth n. griffin ,modesto junior college 
01 president. dr. william craig ,hqht eb ey institute cp intern aticha1 studies 
01 president dr. john d. randall ,
01 president dr. hilo p. johnson ,mount san jacinto college 
01 president hr. max r. tadlock ,
fu sc - «agdaien coughlin ,mount saint mary's college 
01 president dr. william h. feddorson ,napa college 
01 president dr. david chigaa ,national university 
0 1 president ms. mildred henry ,hew college of califorhia 
+ north rop university ,+ northern califorhia college of chiropractic 
01 president ■ • • * • dr* b« j. shell ,+ north rop university 
01 president. tarthanf’ tulku rinpoche ,nyingma institute 
01 president dr. richard c. gilman ,occidental college 
01 president dr. peter bloaerley ,ohlone college 
01 dean of the college. mr. neil hoffman ,otis art institute of parsons school op design 
01 president. ,■acif1c christian college 
pacipic union college ,■♦pacific graduate school of psychology 
01 president dr. john v. cassell jr. ,pacipic union college 
01 president and dean dr. halter m. stuhr ,palomar college 
01 president elizabeth herrick ,pacific oaks college 
01 president. dr. neely d. mccarter ,
01 president dr. omar i). scheldt ,
01 president dr. dan radakovich ,palo verde college 
"01 president.,.,.,.,.,, or, richard s. meyers ",pasadena city college 
01 president cr. debe patten ,patten college 
01 president dr. ilovard a. white ,peppekdine university 
02 president ms. jeanette p ,peralta community colleges 
02 president. cr. lyndell d. cheeves ,♦♦feather river college 
55 ,♦♦laney college 
"02 president   „ “ , tucker ",♦♦merritt college 
01 president dr. dill d. draper ,fista college 
) 2 president paul d. alcantra ,porterville college 
01 directdr. dr. charles volf jr. ,2ahd gra00atb instit dte of policy studies 
01 president. ,rio hohoo college 
01 president iz. charles a. kane ,riverside city college 
01 president. . - dr. r. a. lombardi ,4 saddleback community college 
01 president - rev. james galvin ,+ saint john's college 
01 president dro. mel anderson ,saint mary's college of california 
01 president. rev. gerald l. brown ,♦ saint patrick's college 
01 rectdr. rev. howard p. bleichner ,♦saint patrick's seminary 
01 president dr. arthur h. jensen ,san bernardino valley college 
02 president dr. allen j. repashy ,♦♦central office 
n? president be. allen brooks ,♦♦san diego mesa college 
01 dean hr. john hoffer ,♦♦san diego miramar college 
01 president stephen goldstine ,san francisco art institute 
"02 intern pres of center systei hr. uinf, srs,»«2? ",*san francisco community college district 
san francisco conservatory op music ,+san francisco college op mortuary science 
01 president hilton salklnd ,
01 president dr. arnold d. coao ,san prancisco theological seminary 
"9, !5 es h eat * dr. dale p. parnell ",♦san joaquin delta college 
01 president. dr. charles e. boatman ,♦ sam josb eibli college 
02 president tr. gerald h. strelitz ,♦system office 
02 president dr. theodore i. kurguia ,*s an jose city college 
02 president dr. samuel a. ferguson ,♦♦system office 
02 president dr. lois a. callahan ,♦♦college of san hateo 
02 president. hr. james c. wyatt ,county: san mateo fice identification*. 007713 
01 president dr. william wenrich ,santa college 
01 president. dr. david h. mertas ,5akta barbara city college 
ac ? re f i n ent ' i '1 *' i * richard l. hoore ,sahta hohica college 
01 president. dr. roy mikalson ,santa rosa junior college 
01 president dr. richard v. cain ,♦school of theology at claremont 
01 president dr. dale a. hiller ,shasta college 
"01 superintendent-president.,; cr. gerald c. angove ",sierra college 
01 president. dr. nark w. lee ,simpson college 
01 superintendent-president mr. william h. wilson sr. ,solano community college 
01 president mr. wayne e. kraiss ,♦southern california college 
01 president dr. richard l. hopping ,southern california college of optometry 
01 directdr. hr. raymond l. kappe ,♦southern california institute of architecture 
"01 president. mr. chester s, devore ",♦-southwestern college 
5 5 d ;siv;:;;2 ,! south sb stern university sci1ccl of lan 
01 president. dr. robert c. kimball ,
. . mrs. dorothy k. parrott ,♦♦system office 
01 president dr. hiilian c. hus- ,dean cmty serv-evening college. 
"hsa, jour, law, lib, lsar, opt, ph, sw ",(s-afijia/ffh* 
02 chancellor dr. james 11. meyer ,•university op california- da vis 
02 dean and acting chancelldr. dert s. prunty ,♦university op california hastings college op law 
02 chancellor daniel g. aldrich jr. ,•university of cali forni a-iryzne 
02 chancelldr. dr. tomas rivera ,08 university librarian. calvin j. boyer 
02 chancellor richard c. atkinson ,
"piiar , pta, rad ",
02 chancellor dr. robert a. huttenbacl ,♦university op california -santa barbara 
02 chancelldr. dr. robert l. sinsheicier ,♦ university of cali forni a-santa cruz 
01 chancellor dr. gecson cohen ,♦■university op judaism 
01 president dr. armen sarafian ,university of la verne 
01 president. dr. stanley e. mccaffrey ,♦university of the pacific 
4-1-4 ,"undergraduate tuition and fees; $5,000 "
01 president dr. author e. hughes ,university of san diego 
01 president. rev. john j. lo schiavo ,driver silt of saw francisco 
01 president. rev. william j. revak ,university op santa clara 
01 president dr. james h. zunberge ,university of southern california 
01 president- executive director hr. gerhardt v. riedel ,university of west los angeles 
02 president. dr. w. ray hearon ,♦system office 
01 president. dr. hubert p. black ,west coast bible college 
02 actg preb and dean instruction mr. george e. lanning ,♦oxnard college 
02 president dr. richard a. glenn ,♦ •ventura college 
01 president - dr. bernard f. cohlan ,♦central office 
"02 executive directdr. . . dr, michael p. geraano ",♦west coast university orange county center 
01 president. burton w. wadsworth ,victor vallby coll e0b 
0? strl!^ s .5 d ? in f atratl0n rc * ^nneth klofkorn ,county: orange fice testification ^029039 
cm president ,
xo ^ es j dent ; dr. wacrort v. iion-r.kir. ,♦♦system office 
n? »«* i 5 ent ’u‘i dc * heivin f. tutrchm ,♦♦vest valley college 
05 dean^f 1 ^’*** dc * sugeno s. killn ,
01 president. dr. ralph d. winter ,hil1iam carey international university 
01 president. vacant ,+ woo du ur y university 
01 president dr. richard m. gray ,world college west 
01 president. dr. phllburn ratoosh ,the wright institute 
01 dean rabbi moshe meiselman ,+ y es ell va university of los angeles 
dr. daniel g. walker ,yuba college 
01 interim president dr. marvin d. motz ,adams state college 
01 president dr. george 0. conger ,aims community college 
01 president - - dr. joseph x. bailey ,arapahoe community college 
01 president dr. william r. fusco ,♦ baptist bible college of denver 
01 president dr. lloyd e. horner ,colorado college 
01 president. dr. f. dean lillie ,colorado mountain college 
01 president dr. james h. bos ,colorado northwestern community college 
01 president ,colorado school of hines 
01 acting president dr. charles o. neldt ,fort collins 80523 
01 president mr. daniel h. sullivan ,
0 1 president. • dr. sherry hanning ,colorado women's college 
02 campus vice president. dr. john h. swenson ,♦ central office 
02 campus vice president. dr. g. owen smith ,•commodity college of denver fed rocks campus 
32 dean student support services dr. gallegos ,conservative baptist theological seminary 
45 director budget and nr . villiam d. engman ,fort lewis college 
01 president dr. 5. jameson jones ,ilipf school of theology 
01 president he. sober t k. kelly ,intbrm 0uutaih bible college 
o<! j’ 1 [ 08i ‘j 6nt * • •• • dr. gordon snovbarger ,lamar co h huh it y college 
51 * * * * mrs. aflele phelan ,
01 president dr. john u. tomlinson ,
01 president dr. donald j. macintyre ,metropolitan state college 
^ cesid r nt ‘; dr. robert p. datteri ,morgan community college 
63 ,
01 president dr. leonard s. oliver ,nazars ne bible college 
51 ,
01 president. dr. w. l. mcdivitt ,otero junior college 
01 president hr. joe e. lee ,♦ parks college 
01 president dr. donald v. mclnnis ,pikes peak community college 
01 president dr. gerald f. caduff ,pueblo vocational community college 
01 president - v rev. david m. clarke ,regis college 
"01 president.,, dr. l. david beckman ",
01 president v rev. paul l. golden ,
"10 dean of administration. hr jnhn t ,„ hinn ",trinidad state jchicr college 
"hus, phar, sp, ted ",+ *s yst em office 
05 ,♦university of colorado at colorado springs 
48 resident dean envrnml design. hr. john prosser ,♦university of colorado at denver 
"pta, rad ",♦ university of colofado heal iii sciences center 
ted ,university of denver 
03 exec associate to president. ,university of northern colorado 
01 president dr. lyle c. wilcox ,university of southern colorado 
01 president mr. william d. boyd ,western eible college 
04 asst to pres £ dir of coamun. ,
01 president he. sheldon k. beren ,
01 president. sr. francis de sales heffernan ,albert us nagiius college 
01 president dr. daniel r. mclaughlin ,ash untuck conhuhity college 
01 dean rabbi s. schustal ,
01 executive director dr. bernard d. shea ,board for state academic awards 
01 president dr. john j. ieconche ,briarw00d college 
01 president. dr. william j. ovens ,bridgeport engineering institute 
01 president. dr. p. don james ,central connecticut state college 
01 president. dr * oakes ames ,c0i1 u ec ti cut college 
01 president dr. charles r. webb jr. ,eastern connecticut state college 
"01 president , rev. aloysius e. kelley ",fairfield university 
"0 1 president. ■•••••■•• #*■*■■••••■•••••««•• tho urs j • ,>ulli vq n ",greater new haven state technical college 
01 president dr. marcia a. savage ,hartford college for women 
01 president cc. homer d. babfcidge jr. ,
01 president. dr. john dillenberger ,
21 p raaid ent hr. kenneth e. da rego ,hartford state technical college 
"01 president and sector rev lpo . nu , sn ",
32 dean of students jr’ havana r* gooper ,
0 1 president dr. william e. vincent ,manchester community college 
01 president dr. n. patricia yarborough ,mattatuck community college 
■*5 nf!* st 5 n l t 2 the presiaebt mr. donald f. murphy ,middlesex community college 
01 president dr. robert c. heller ,
01 president. dr. robert n. rue ,mohegan community college 
01 president. sr. maria cons ilia ,mount sacred heart college 
01 president. dr. regina m. duffy ,northwestern connecticut community college 
04 assistant to the president ,norwalk community college 
01 acting president hr. john de ponte ,norwalk state technical college 
01 president ,♦post college 
04 assistant tc the president hrs. broker ,quinebaug valley community college 
01 sector and dean-.- v rev. george j. keaveney ,qoihnipiac college 
01 president. sr. mary consolata c' connor ,
01 president dr - richard m. turner ill ,south central community college 
01 president dr. hanson v. jennings ,southern connecticut state college 
01 president. mr. donald r. welter ,thames valley state technical college 
01 president dr. theodore d. lockwood ,trinity college 
01 president.- dr. benjamin g. davis ,tiihxis community college 
01 president dr. island h. miles ,uh3versiiy of bridgeport 
01 president. john h ‘ di bia 99 io ,♦central office 
02 exec dir 6 vice president dr. janes e. mulvihlll ,♦university of connecticut health center 
09 assistant to the president ,university of hartford 
01 president dr. phillip s. kaplan ,oki v er sit t of hew haven 
11 i-.-.sislkssa ,v atihbury st at i tecenica1 college 
01 president ,56 jssocut. co 0 j instruction i s«; ph «„ “ .sli 
01 president dr. robert h. dorsi ,western connecticut state college 
"j! president., a. bartlett uiamatti ",yale university 
01 president dr. clarence r. holl ,brandywine college op wicener uhiver5ity 
01 president dr. luna i. hishoe ,delaware state college 
02 exec director-vice president jack owens ,♦central office 
02 campus director vice president hr. william a. faucett ,♦delaware technical and community college stanton campus 
02 campus director vice president hr. william c. pfeifer ,♦delaware technical and community college terry campus 
02 campus director vice president mr. william a. faucett ,♦delaware technical amd community college wilmington campus 
05 mce pres v acadeaic cean dr. mohauned ilyas ,goldey beacom college 
0 1 pres ideas ,coantj: se* castle 
01 president urn. audrey k. dehors t o-ir. ,
01 president dr. richard deronltem ,washington 20016 pick identification: 0 u 14 ] ^ 
75 ,beacon college 
01 president dr. edmund d. pellegrino ,catholic university of america 
01 director dr. peter c. harzio ,corcoran school of art 
01 president . rev. mark heath ,dcjilni can house of studies 
01 president edvard c. merrill jr. ,gallaudbt college 
01 president rev. timothy s. llealy ,georgetown university 
01 p resident. . - dr. lloyd h. elliott ,george washington university 
01 president james e. cheek ,howard university 
01 president dr. earkev kibarla.i ,
01 president mr. gerald e. hellott ,5trayer college 
2k 272 !^ eev * bichac4 «»rphy ,oblate college 
01 president sr. rose ann fleming ,trinity college 
01 president. mr li'ala c carter ,university of the district of columbia 
,
washington international college ,
03 ,washington international college 
. mr. john 8. breckenridge ,wesley theological seminary 
01 president kark ,art institute cf fori lauderdale 
01 president sr. s. trinita flood ,barry college 
"01 president mr, john kettle ",♦ baudefi fashion college 
o'* adiinv assistant to president hs. estelle spitalnick ,bethuhe cookman college 
"04 imuntt to the president, .’’.* dr ' clldt ' n d * haailton ",biscayne college 
01 president ,bf.qif a3 c ca»m unity college 
"01 president d c , raymond h. doming ",chipola junior college 
10 busine“‘2 69st ^®'®^ dr ^ joh e .^hotoej ts ,clearwater christian college 
01 president ,college of boca raton 
affiliation: presbyterian us and united presbyterian 4-1-4 ,daytona beach community college 
01 president dr. peter h. armacost ,ec.kerd college 
01 president dr. david g. robinson ,edison community college 
01 president. dr. cecil h. cone ,edward waters college 
02 provost prescott campus ,congressional district: u 
"01 president dr. william l, proctor ",flagler college 
01 president. * mr. james r. cope ,florida college 
01 president. dr. jerome p. keuper ,
01 president dr. beniamin r. wygal ,plorida junior college at jacksonville 
"01 president dr xiii. i c d= v„,- ",florida kets community college 
01 president dr. millie c. robinson ,+ florida memorial college 
01 president dr. robert a. davis ,florida southern college 
01 president mr. douglas d. oevaux ,fort lauderdale college 
ou assistant to the president ivie h> buech ,
01 president dr. ambrose garner ,rillsbcpqugh community college 
01 interim president dr. frances b. kinne ,jacksonville university 
03 treasurer deee 5 ,+ hob ib seminary 
01 president dr. herman a. liaise ,indian eiver community college 
01 president edvard porter ,international fine arts college 
01 president c ‘ j???® ,♦jones college jacksonville 
02 vice president . ouida b. kirby ,♦jones college orlando 
vs dean'oh^'con^;:::::::;;::: d v°iim« r^ nchac ; ,
ol acting president . ,manatee junior ccllige 
in president for education dr. terence kelly ,miami christian college 
01 president . . ,hi am i-dade community college 
01 president. ,north florida junior college 
02 president dr. abraham s. fischler ,♦moya university 
01 president. dr. j. e. mccracken ,okaldqsa-halton junior college 
01 president dr. george r. borders ,palm beach atlantic college 
01 president dr. edvard tt. eissey ,palm beach junior college 
01 president dr. milton 0. jones ,+ p asco- hern ando community college 
01 president dr. horace e. hartsell ,pensacola junior college 
01 president. dr. frederick i. lenfestey ,poik c chhu hits collige 
01 president. dr. r. l. mclendon jr. ,
02 rector and president rev. robert n. lynch ,saint john vianney college seminary 
0 1 president. dr. robert e. feckins ,r1ngling school of art and design 
saint johns river community college ,rollins college 
01 president dr. thomas b. southard ,saint johns river community college 
eutot continuing education. vacant ,
01 president. hr. alan j. robertson ,santa fe community college 
02 rector-president v bev * urban voll ,♦seminary of saint vincent de paul 
01 prasident. . dr. eacl s * heldor ' ,seminole community college 
01 president william a. stallard ,southeastern college of the assemblies of g0c 
o? president dr. halter l. smith ,♦system office 
02 president dr. gregory b. wolfe ,•flqbida international university 
02 president dr. trevor colbourn ,♦university of central florida 
02 president dr. andrew a. robinson ,•university of florida 
02 president dr. john l. brown ,♦university op south florida 
02 president dr. james a. ,
10 ,
01 president dr. harm m. harris ,tallahassee community college 
01 president . fabbi jerome zweig ,
01 president. hr . donaid c> jqnes ,tampa college 
"01 president _ , . ",
° y f c€ pres financial affairs.”! d !: be suinick ,
01 president dr. john h. o' neill ,+ university op sarasota 
01 president «• f « lton ,university of tampa 
01 president dc ; ,♦webber college 
01 president dr. stanley r. anderson ,abraham baldwin agricultural college 
. dr. harvin b. perry jr. ,decatur 30030 congressional district: u 
01 president dr . bill r. tilley ,albany junior college 
cm president dr. henry l. ashmore ,♦•albany state college 
os f “i! charles feistkorn ,abt institute 0? atlanta 
"01 president hr p ,., „ ",
4 assistant tc the president j s * jjsf ,
01 president dr. edwin a. thompson ,atlanta junior college 
01 president dr. cleveland l. donnard ,atlanta university 
01 president. dr. george a. christenberry ,augusta college 
01 president. « dr. edward d. mobley ,
01 president john e. kettle ,bauder finishing an 1 career college 
01 president dr. gloria m. shatto ,berry college 
01 president dr. james t. rogers ,0ren all college 
01 president dr. h. starr miller ,
01 president dr. john w. teel ,eruiiswick junior college 
"01 p residen t . , . . dr. elias blake jr, ",clark college 
01 president dr. harry -s. downs ,clayton junior college 
01 president er. j. davison philips ,columbia theological seminary 
fissi/ils ,c01umbus college 
03 executive vice president. .!!!!!” *”ir ?°dvin ,
01 president dr. dercsll c. roberts ,dalton junior college 
01 president dr. w. hay-no scott ,dekalb community college 
draughon's junior college of business ,congressional district: u 
os nr* john t. south iii ,draughon's junior college of business 
01 president. . dr. culbreth y. helton ,emanuel county junior college 
01 president dr. culbreth y. helton ,emmanuel college school of chbisti a n ministries 
01 president. dr. david b. hccorkle ,
01 president dr. cleveland w. pettigrew ,fort valley state college 
"dieti, law, lie, med, nra, ht, nur, pta, rad, rsth, rstht , ",emory university 
01 president dr. hugh h. hills jr. ,gain es vills junior college 
01 president dr. j. whitney bunting ,georgia college 
01 president. dr. joseph h. pettit ,♦central office 
05 dr * ste p hen cheshier ,♦georgia institute of technology -south e rn technical institute 
51 ssisififis;!;;!;;;::::::::::::;;::.* ,
01 president dr. dale lick ,si ’£j  5 «« *«'•“<= 
01 president dr. william ii. capitan ,georgia southwestern college 
01 president dr. noah langdale jr. ,georgia state university 
at president dr. jerry m. williamson ,gordon junior college 
01 president. dr. deotis roberts ,in ibrd enomi national theological center 
01 president dr. horace w. sturgis ,kenuesaw college 
01 president dr. walter y. murphy ,la grange college 
01 president dr. s id e. williams ,lips chiropractic college 
01 president dr. william w. wright jr. ,macon junior college 
01 president 0z. r. kirby godsey ,medical college of georgia 
* bc » preston 8. towns ,♦central office 
"10 ,,, 6 pres for academic affairs dr. willio t p^vnr- ",
01 president dr. manning m . pattillo jr. ,morris broun college 
01 president dr. julius s. scott jr. ,paine college 
01 president mr. j. l. wasson ,* phillips college 
01 president.-. . . hiss joyce meadows ,+ phillips college 
01 president.* james e. walter ,piedmont college 
01 president dr. allen o. jernigan ,reinhardt college 
01 president dr. wendell g. rayburn ,savannah state college 
"01 *p resident^?!*! /fw f . . . • • • .*-•« . • • • • dc * d,nto» r. coker ",shorter college 
01 president dr. donald h. stewart ,south georgia college 
01 president dr. charles e. bryant ,thomas coo nt y community coll ege 
01 president. dr. robert w. jackson ,tift college 
01 president dr. ronald e. weituan ,t0cc0a falls college 
01 president. dr. pred c * davison ,university of georgia 
01 president - dr. hugh c. dailey ,valdosta state college 
01 president. dc * frgd h i ck ® ,waycross junior college 
"01 president.!,. 0t. maurice k. townsend ",
01 ,todhg harris college 
rev. david h. schuyler ,chakinade university of honolulu 
04 assistant to the president ,congressional district* i 
01 president hr- chatt g. wright ,hawaii pacipic college 
01 president dr. pujio hatsuda ,
02 ,♦system office 
02 chancellor dr. ralph h. hiva ,
02 provost mr. clyde k. yonhlokt ,♦university op hawaii honolulu community college 
02 provost. dr. joyce s. tsunods ,♦university of hawaii kapiolani community college 
02 provost. hr. leroy j. king ,♦university of hawaii at hilo 
02 provost dr. helvyn k. sakaguchi ,♦university op hawaii leeward community college 
02 provost ms. alma k. cooper ,•university op hawaii maui community college 
02 provost. dr. peter t. dyer ,♦university of hawaii windward community college 
01 president dr. john h . reiser ,boise state univbrsity 
01 president dr. arthur h. derosier jr. ,college of idaho 
01 president oc. james l. taylor ,college of southern idaho 
01 president. dr. myron l. coulte: ,
01 president. dr. lee a. vickers ,lfwis-clark state college 
01 president hr. barry g. schuler ,north id arc college 
01 president kenneth h. pearsall ,north wist nazarene college 
01 president dr- bruce c. hafen ,ricks college 
01 president dr. richard d. gibb ,university of idaho 
01 president eugene .1. mcclory ,alfred adler institute of chicago 
05 president and director mr. irving shapiro ,american academy of art 
01 president leo e. haim ,american cchsefvatofy of music 
01 president dr. j. thomas tredway ,augustana college 
01 president sr. judith cagney ,aurora college 
01 interim president dr. bruce p. wissore ,belleville area college 
01 president. dr. warren f. groff ,+dethahy theological seminary 
"01 president. . '.**%, .*.* kl . . dr. alan j. stone ",
01 president dr. john r - alberti ,
02 vice pres acad aff-provost cr. ronald p. williams ,carl sandburg college 
01 president dr. richard j. puffer ,♦elack hawk college cuad-cities campus 
0 1 president dr. martin g. abegg ,bradley university 
01 president dr. william m . anderson ,
01 president rev. alcuin coyle ,catholic theological union 
01 president dr. ralph h. los ,central y. m. c. a. community college 
01 president dr. charles s. rooks ,chicago college op osteopathic medicine 
01 administrative director mr. leonard h. freiser ,• chicago con se rv atop v college 
04 assistant to the president mr. ,chicago school of profession al psychology 
01 president dr. benjamin h. alexander ,chicago state university 
€2 president dr. salvatore g. rotella ,♦central office 
02 president dc * s “ e [) m. akin ,♦city colleges of chicago kennedy-kinc ccllege 
02 -president hr. janes c. griggs ,♦city colleges of chicago the loop college 
president. dr. eugene t. speller ,♦city colleges of chicago oliyb-haryey college 
02 president hr. william p. conway ,
02 president dr. wallace n. appel. son ,♦city colleges of chicago truman college 
02 president mr. ernest v. clements ,♦city colleges of chicago wright college 
resident. . dr. harold d . hcaninch ,college of du page 
01 president dr. john 0. hunter ,college of lake count* 
01 president 0c *i ,college of saint francis 
01 president hr. hirron alexandroff ,columbia college 
. mr. albert b. wingfield ,♦concordia college 
. mr. william r. templeton ,danville area c0mhunity college 
01 president. v rev • johfl r ‘ cortelyou ,♦de lourdes college 
09 asst to pres res g planning ,
01 president hr. samuel r. edmonds ,♦deyry institute of technology 
01 president dr. daniel e. marvin jr. ,easters illinois university 
01 president dr. ivan e. frick ,elmhurst college 
"01 president dr, daniel d. gilbert ",♦eureka college 
nl ^ e f i f ent and dean sr. mary bonita ,♦peliciah college 
garrett-evangelical theological seminary ,♦forest institute of professional psychology 
01 president dr. neal f. fisher ,garrett-evangelical theological seminary 
01 president dr. floyd w. marshall ,gem city college 
er. j. clifford holmes ,george williams college 
"04 exec asst to the president., ",governors state university 
01 president w- richard stephens ,♦greenville college 
01 president * mr. robert c. macks ,harrington institute of interior cesign 
01 president. ‘i>r! * harold' p. smith ,tele phone (312) 674-7750 entity number: 1* 36-216- 7095- a 1 
01 president dr. joseph piland ,iiighla ho community college 
03 president dr. richard c. becker ,illinois benedictine college 
0 1 • president dr. leon h. perley ,
01 president dr. donald c. mundingec ,1 1 ii no is college 
01 president ,♦illinois college of optohetry 
01 president mr. john f. briggs ,illinois college of podiatric medicine 
02 president. ,♦system office 
02 president vacant ,♦illinois fast er n cchhunity college lincoln trail college 
02 president dr. charles novak ,♦illinois eastern community college clney central college 
02 president . . . hr. john w. gvaltney ,♦illinois eastern community college wabash valley college 
01 preside nt * harold rabin ,illinois technical college 
01 president dr. thomas l. hartin jr. ,♦illinois institute of technology 
01 president dr. lloyd 3. watkins ,illinois state university 
01 president. dr. aifred e. wisgoski ,illinois valley community college 
01 president dr. robert 5. eckley ,i1lin0i5 wesleyan university 
01 president dr. robert e. tarvin ,john a . logan college 
\ president dr. paul f. heath ,
01 president dr. derek n. nunney ,♦john n00d com muni i y college 
01 president harm a. weber ,♦ judson college 
0 1 president dr. lilburn h. horton ,♦kankakee community college 
"01 president &c - paul l ’ blo ' ,ers ",knox college 
01 president hr - tennis ,keller graduate sc1jc0l of management 
01 president dr. andrew n. cothran ,kendall college 
01 president dr - n° e * an 1. jenkins ,kishnaukeb college 
01 president inman pox ,
01 president dr. eugene hotchkiss iii ,lake forest college 
♦lake laud college ,
06 ,
01 president hr. wilbur r. 1. triape ,lewis and clark community college 
01 president. dr. paul whelan ,+levis university 
01 president nr. john p. hasty ,
01 president dr. robert l. pooraan ,lincoln college 
01 president rev. raymond c. baunhact ,loyola university of chicago 
01 president-business manager. dr. william e. lasher ,♦lutheran school of theology at chicago 
01 president hr- gordon c. borchardt ,♦•haccorhac college 
01 president koberl c. eartlett ,congressional district: 1-* 
01 president dr. john j. hi t ti ch ,♦hachurray college 
q1 president sr. h. marcella ripper ,mailinckr0dt college 
01 president. dr. jack l. stotts ,mccormick theological seminary 
01 president dr. gartit tenbrink ,+hcken0ree college 
01 exec officer and academic dean dr. gene reeves ,m ba dv i lie- lcmba re theological school' 
01 president - »* ^ch ,♦hidstate college 
"affiliation: united presbyterian, u. s. a. 4-1-4 ",midwest college of engineering 
01 president dr. j. roger miller ,million university 
01 president. dr. bruce haywood ,
81 president. ,♦moody bible institute 
01 president dr. james d. koeller ,
"01 president., mr. richard c. parkinson ",♦morrison institute of technology 
01 president dr. vincent a. guarna ,horton college 
"01 president., dr. susan rink ",mundelein college 
01 president - dr ; joseph danse ,national college of chirceractic 
09 asst to pres-dir instnl stdies cr. j. edward sturch ,♦ central office 
01 president gael d. swing ,north central college 
01 president dr. ronala williatas ,northeastern illinois university 
02 director dr. lacy hall ,♦national college of education urban campus 
01 president. faith smith ,
01 president killian r. honat ,congressional district: u 
01 acting president dr. arthur a. ilelson ,►nqbth park college and theological seminar? 
"jour , law, hed, hi, mus, eta, rsth, se, ted ",northwestern university 
"01 president dr. william a. koehjiux,* ",0akt0n community college 
01 president dr. leslie parrott ,♦01ivbt nazarenb college 
01 president killian h. sta* e * j ,congressional districts *1 
"01 president dr, richard c. creal ",prairie state co l leg e 
0i president. dr. david k. andrews ,principia college 
01 president rav. gabriel brinkman ,
01 president dr. barry j. braun ,rend lake college 
01 president vacant ,richland community college 
"01 president - mr * ko,ri,an l. stewart ",rockford college 
"01 president «•••.•••••• • •••••«•••• * _ p a ,_j_v p, thompson ",county: winnebago fice 'l] 1 * 1 . 
01 president dr. rolf a. neil ,roosevelt university 
"01 president. rev. james p, koloher ",rosary college 
01 president. sr. m. icenaeus chekoutis ,saint xavier college 
0 president d r. aiex b< lacy ,♦sangam0h state university 
assistant to the president ,sauk valley college 
37 ,school op the art institute of chicago 
01 president and dean • •• rev. 0. c. edwards jr. ,♦ seabury-westerh theological seminary 
01 president dr. loren e. klaus ,♦ shawnee college 
01 president. . hr. walter a. ecley ,
01 chief executive officer mr* don p. moon ,♦shimer college 
01 president * * dr. harry w. abell ,♦southeastern illinois college 
0 2 president albert somit ,♦system office 
02 president earl e. lazerson ,•south erh illinois university at eduar dsville 
26 assistant to the president. ,
01 president sr. francis mario thtailxlll ,springfield college in illinois 
01 president dr. rosetta d. whoadon ,state community college 
02 rosh hayeshiva-actg president rabbi avrohoo c. levin ,
01 president dr. george van groningen ,trinity christian college 
01 president . . dr. harry 1. evans ,trinity college 
01 president dr. kenneth n. heyer ,
01 president dr. brent knight ,triton college 
01 president mrs. hanna el. gray ,university of chicago 
01 president dc. joseph white ,university of health sc1ences-chicago medical school 
02 chancellor dr. donald h. riddle ,university of illinois 
"ph, fhab, pta, sac ' ",♦university of illinois medical center at chicago 
"jour, law, lib, lsar, mus , st, sw, tee, vet ",♦university of illinois urbana campus 
01 president hr. richard e . or it mir. ,vandercock college of music 
01 president. dc. forest d. etheredge ,haub0hsee community college 
01 president dr. leslie f. halpass ,westers il1ih0is university- 
01 president dr. hudson t. aruerding ,
"01 president.,. mr. james j. mcgrath ",william rainey harper college 
01 president sr. fl. joel tampan ,ancilla do mi ni college 
01 president dr. robert ii. reardon ,anderson college 
01 president. »••»«» dc. jerry m. anderson ,ball state university 
&1 president dr. albert j. beutler ,bethel college 
03 vice pres academic affairs!!!.’.*.*!!*.'*.'.'*'!'.’.’ pasl r! stesart ,boiler university 
"01 president dr. thomas ,]. liggett ",christian i1j20i0gical seminary 
01 president mr. robert saith ,clark college 
president. dc. robort. d. pcoun ,concordia theological seminary 
01 president dr. harvey e . dostroc ,de pauw university 
n«! dr - lavrence aurkholder ,
01 president dr. homer a. kent jr. ,grace college 
01 president. dr. edwin a. penn ,franklin college of indiana 
01 president dr. marlin e. hiller ,goshen biblical seminary 
01 president dr. homer a. kent jr. ,goshen college 
01 president dr. john e. hornet ,hanover college 
01 president and dean &ro. j 0 * 1   driscoll ,holy cross junior college 
01 president dr. e. dewitt baker ,huntingtcn college 
01 president dr. gene e. seasa ,indiana central university 
01 president dr. richard g. i.andlm ,
"01 president dr. richard r, l.andini ",♦central office 
02 president dc . david l. rico ,♦indiana state university evansville cahpus 
"sp, ted ",♦♦central office 
02 cha ncellor vacant ,•indiana university east 
02 acting chancellor dr. hugh l. thompson ,♦ird3ana university at kckoho 
02 chancellor dr. danilo orescanln ,•indiana university northwest 
"engt, ipsy, law, med, mr a, ht, nut, nur, ot, pta, rad , ",♦indiana university-purdue university at indianapolis 
02 chancellor . . dr . lester h. wolfson ,•indiana university at south bend 
04 asst pres-staff legal counsel hr. l. richard gohaal ,
02 vice president-dean hr. warren f. man: ,indiana univ ersity -pur doe university at fort wayne 
° n l m$l! r#8l ! e 2 t   d#an nc - hatv *v doling ,♦indiana vocational technical college - columbus 
11 i}” president-deal richard t. davidson ,♦indiana vocational technical collsge-sa stcentral 
°ol yre 0 5or s is e ? t  ? ean ;r---” • • lansingor ,
02 vice president- dean dr. thomas e. reckard ,♦ india na vocational technical colleg e- l a f a y itt e 
02 vice president- dean. ,
e president-dean hr. carl p. scott ,♦indiana vocational technical college- northeast 
"02 vice president-dean hr, homer e. smith ",•indiana vocational technical college- nodtiiw est 
02 vico president-dean hrs. luise f. schnakenburq ,♦indiana vocational technical college-southwest 
02 interm doan opec-dir instn mr. samuel borden ,
01 president vacant ,♦ indiana vocational technical college- whiter at er 
01 center director . mr. donald e. milks ,
01 director me. alphonse v. guimont ,itt technical-business institute 
01 area manager-director william c. fennelly ,itt technical institute 
02 5* c . b ! a y r!; b ;ishe5i ,l0ckyear college 
01 president dr. a. blair llolavr* ,10 business manager \' m !**   robert morris 
01 president dr. louis c. ditto ,marian college 
01 president dr. robert it. luokoy ,♦mapi0n college 
01 president. rev. boniface hardin ,martin center college 
01 president dr. henry poettcker ,rsnnonite biblical seminary 
01 president hr. john r. braboy ,t mi e-ah eric a ccllegi of funbral service 
01 president dr. james v. murray ,oakland city college 
01 president. .v.v. dr. arthur g. hansen ,•central office 
02 chancellor hr. richard j . combs ,♦purdue university calumet 
30 tice president for development ronald g. reeves ,♦purdue university north central campus 
01 president sc. m. joellen scheetz ,+rose-hulhan institute of technology 
01 president rev. charles h. banet ,sai1it joseph's college 
to controller i . j **’**** ,
"01 president sc, jeanne knoorlo ",saint mary-of-thb-woods college 
01 president and rector rev. thomas ostdlck ,♦saint heinrad college 
01 president-rector ,saint mbinrad school of theology 
resident dr. milo a. rediger ,taylor university 
gt president - . dr. carl ii. elliott ,ns n<5 ec 5° e °f cab p u ting services hr. john e. kastelein 
01 president dr. wallace e. graves ,university of evansville 
0 1 president. rev. theodore h. ilesburgh ,university of notre da mb 
01 president. dr. robert u. schnabel ,valparaiso university 
01 president dr. phillip h. summers ,vincennes university 
dr« lewis s* salter ,wabash college 
0 1 president. hr. charles haailton jr. ,
14 director computer center  david ,♦american institute of business 
01 president. . . l .„ ,
01 president dr. keith g. briscoe ,storm lake 50588 congressional district : * 
01 president dr . kenneth j. keller ,central university of iowa 
05 academician” dr * henftve dunhan ,*2l22«n2 u 5si« c no fice identification: 001652 
01 president. dr. 0. leonard azneer ,co li eg e of osteopathic medicine and surgery 
01 president. dr. philip b. secor ,cornell college 
01 president mr. paul lowery ,des koikes area community c0llbge 
01 president. rev. raymond 1. quetchenbach ,divine word college 
01 president rev. bernard j. naan ,dordt college 
01 ,drake university 
02 president. charles c. spence ,♦central office 
02 president. dr. lee j. betts ,♦muscatine community college 
02 president. joseph m. conte ,♦scott community c0i1ege 
01 dean.^. duane r. lloyd ,ellsworth comm unity college 
01 president dr. gordon. l. ,faith baptist eibli college 
01 president dr. joe e. hanna ,graceland college 
01 president mr. karl f. langrock ,grand view college 
01 president george a. drake ,grinnell college 
ill superintendent ,hawkeye institute of technology 
31 president dr- lyle llellyec ,indian hills community college 
01 superintendent. mr. richard ii. blacker ,ioja cbhtral community college 
01 president dr. h. robert parks ,02 cbran communications- fine arts. mr. dallas freeman 
01 president dr. louis a. haselnayer ,iowa wesleyan college 
"01 superintendent, dc, robert d. looft ",iowa western community college 
01 superintendent-president. dr. bill f. stewart ,
01 dean dr. paul kegel ,marshalltown community college 
01 president dr. fasquale di pasquale jr. ,
"lo° viv ht a,£airs ^.^rank^.lart 0 !; ",luther college 
01 president. „ r ,
01 president dr. a. lynn bryant ,harycrest college 
01 president dr. miles tomneraasen ,h0rningside college 
ov president dr. ihomas r. feia ,mount mercy college 
01 president can c. johnson ,bqtiji i saint clare college 
01 superintendent hr. clyde 1. kramer ,108theast iowa technical institute 
01 superintendent. dr. david r. pierce ,north iowa area cobednity college 
01 superintendent mr. c. e. martin ,northwest iowa technical college 
05 jcadelic haka////. he. bernard wiese ,oranae citv *1041 congressional district: 6 
. ii litl pres ss 5; : t ,open bible college 
01 president dr. william j. eakrow ,conntv* scott tice identification! 01230u 
01 president dr. robert e. mcbride ,simpson college 
01 president dr. albert d. hudek ,sioux empire college 
0 1 superintendent hr. carlton w. callison ,southeastern community college 
01 president dr. john a. smith ,southwestern community college 
"affiliation: united presbyterian, u.s.a. semester ",+united electronics institute 
01 president dr. walter f. peterson ,university of dubuque 
01 president dr. willard l. boyd ,university of iowa 
01 president. dr. john j. kane rick ,university of northern iowa. 
01 t'rosidont . . dc. darcy c. coyle ,upper iowa univkrs21y 
01 president dr. nome a. harris ,university park 52595 congressional district: 4 
01 president ' . dr. arndt f. braaten ,waldorf college 
other ,nartburg college 
01 president dr * hi ]- lia   h : ,wartburg theological seminary 
27 educational representative. ■ .  ht . robert g. friend ,
01 president . dr. john t. courter ,wesihaf coll eg e 
01 president dr. jimmie l. downing ,barton c0uiity community college 
01 president dr. gus turbeville ,william fenb college 
06 ;■ ft™; ,♦ allen county commuhiy junior c0liege 
05 provost and oesn of collage! ! !! !! ’ de! ' cliarles e* ^ ,
01 president rev. gerard senecal ,benedictine college 
"resident be, arvin w. flahn ",bethany college 
0) president. dr. carl l. heinrich ,ysm!*: 400 67117 congressional district: 4 
45 yice president of development mr. john w. perrell ,central eapti5t theological seminary 
ol president dr. james f. ihrig ,cloud county community college 
01 president dr. russell 11. graham ,coffey v1lle community college 
01 president dc . james h. tangemar. ,colby community college 
01 president. harlow d. mccosh ,cowley county community college 
01 president rev. raymond j. davern ,donnelly college 
01 president john e . vi3ser ,emporia state univeesity 
30 2iec assistant to president!. ! i*’*!*’ ??* becl> s °nger ,
01 president wayne kcelroy ,fort scott community college 
01 president dr. norman v. bridges ,friends bible college 
ftr dr. richard e. felix ,friends university 
c> i pcosidant . - dr. thomas f. saffell ,
ol president. hr. wallace e. galluzzi ,biskell ihdiall junicr college 
01 interim president and dean dr. james hininger ,09 coord institutional evaluation hr. rcllin kekahbah 
01 president dr. jack d. nutt ,highland community college 
01 president * . vacant ,hutchinson community collegb 
01 president. dr. richard h. taylor ,independence cohhuhity college 
"01 president dr * joha £, . c i ee ? ",johnson county community college 
01 president. bex griffin ,kansas city kansas community college 
oi president. sc. thecese wetta ,
0 1 president dr. duane c. acker ,kansas state university 0? agriculture and applied science 
01 president ,
01 president dr. jerry l. gallentine ,labette community college 
01 president dr. milford f. town ,manhattan christian college 
(5 else »ic« pres 6 red dean ;• ,marymount college of kansas 
u ^ «rn 5 l ^ c c j ,+hcpherson college 
01 president. dr. robert e. shaw ,ol tata university 
01 president dr. james b. appleberry ,
01 president •• * non h ullman ,
j] president. •••• 7 * 'william a. nieberqall ,saint john's college 
01 president. ^ joan sue „ j_ ller ,
01 president . dr. michael j. mccarthy ,saint hart of the plains college 
01 president dr. james e. hooper ,seward county community college 
01 president. dr. robert p. sessions ,southwestern college 
01 president dr. charles w. schoenherr ,sterling college 
01 president rev ,tabor college 
"jour, law, mus, 0t, piiar, sp, sw, ted ",♦central office 
"nht, nur, pta, pad, bsth , ptt, sp ",♦university of kansas medical center 
01 president john  • henderson ,
01 president p * v.'.™ -- «*. curt d. ahlberg ,wichita state university 
01 president dr. jerry c. davis ,alice lloyd college 
01 president dt . dennis f. kinlav ,asbury college 
05 vice pres acad a jjjjjjjjgjj* i*. *«c . “euge^lainteoith ,♦asbury theological sehihary 
01 president. *’*'hegr. raymond j. treece ,
0 1 president. willis d. weatherford ,berea college 
brescia college ,
iliis* iiii ! ,
01 president. dr. thomas a. spragens ,
01 resident dr . jaffleb xaylor ,cumberland college 
01 president „„ u . ,
31 president. mr ; ,eastern kentucky university 
01 president joh   k. douglas ,kentucky college of technology 
ot librarian hr. valter l. robbins ,kentucky junior college of business 
04 adainv asst to the president ° lren cacey ,kentucky state university 
dr. v. a. uutts ,
01 president 1. palmer young ,hsrocky christian college 
01 president dr. troy r. eslinger ,lees j ohior college 
01. president dr. vayne k. bell ,lexington theological seminary 
ns president. i”! * dc ' john b - begley ,lindsey nils on college 
®! ^ r0 ® ident ; yi dr. carl e. nelson ,louisville presbyterian theological seminary 
01 director bruce ir. yenawine ,
01 president hr. a. r . sullivan ,louisville technical institute 
01 president dr. nelson m. hoffman jr. ,midway college 
"01 president dr, morris l. norfleot ",horehead state university 
il president. dr. a. d. albright ,3:5e at state university 
01 president tony a. payne ,tvseksegitg business college 
01 president . dr. jackson 0. hall ,pikev1lle college 
01 president sr. catherine mahady ,♦saim1 catilaf ide college 
01 rector-president rev. william g. brown ,seminary of saint pius x 
01 president dr. duke k. hccall ,♦southern baptist theological seminary 
01 president. sr. eileen egan ,spalding college 
01 president dr. earl f. hays ,sde bennett college 
01 ,5ull1vah 0uni0s college op business 
01 president dr. william m . kelly ,transylvania university 
01 president dr. malilon a. miller ,union college 
spec asst to the president. ,♦system office 
♦*j efferson c0mhun1iy college ,♦university of kentucky 
♦ * lexingtoll technical institute ,♦*j efferson c0mhun1iy college 
t * ha bison ville community cgllege ,♦ * lexingtoll technical institute 
", ashland 41101 congressional district: 7 ",uoo college drive 
**eszard ccmhonity college ,
congressional district: 7 ,**eszard ccmhonity college 
kadisonville 42431 ,♦ laisdebson cosh unity college 
congressional district: 7 ,4*ha ys vi lle community college 
♦ *pf estonbu rg community college ,+ 4paducaii community college 
cestonburg 41653 ,♦ *pf estonbu rg community college 
♦ ♦southeast cokh unity college ,
university of louisville ,♦ ♦southeast cokh unity college 
01 president dr. james g. hiller ,university of louisville 
07 director of admissions i “ ,
01 president dr. donald w. zacbarias ,
deaa dr. e. douglas peterson ,bossier parish c chhunity college 
01 president |>r. donald a. webb ,centenary college cf louisiana 
01 pro aidant. nr. samuql du eois cook ,western kentucky university 
01 president. * kermit f r. hchurry ,grah cling state university 
01 president er. robert 1. lynn ,louisiana college 
02 chancellor sam h. prank ,♦system office 
")6 registrar-director admissions , e r-oef? ",
02 chancellor dr. e. grady hogue ,♦louisiana state university medical center 
k2 as; sr -hs-«ss5rd!- •?:s5is ,♦university of new orleans 
"01 president. ' arch ' bus ' a dlet, eng, mr a, hus, ted ",
dr. robert a. preston ,
01 president ,hcnebsb state university 
01 preside:.*. . ,57 dean college of liberal arts. 
01 fresiier.t ,-? u :• r v 
01 president - st - 9i«-ess ,
01 president dr. rene j. bienvenu ,horthw e stern state university op louisiana 
05 academic dean. rev . william s. swann ,notre bahe seminary school of theology 
51 s  14   ' »r. mt.r maestri ,
"01 directdr. . . u , ",
president hr. ru ford jones ,saint bernard parish cohmunity college 
01 rector and president rev . james c. boulvare ,saint joseph seminary college 
president. or- mary gerald shea ,saint mary's dominican college 
01 president dc. jesse n. stone jr. ,southeastern louisiaha university 
"6400 press drive, new orleans 70126 ",♦central office 
02 chancelldr. dr. enaett w. bashful ,♦ southern university in new orleans 
02 chancellor hr. leonard c. barnes ,♦southern university siire vep0rt-bcss1ep city cahpus 
01 president dc. sheldon hackney ,tulane university of louisiana 
01 president dr. ray p. authement ,university of southwestern louisiana 
01 president dr. norman c. francis ,xavier university cf louisiana 
01 president. dr. thomas ii. reynolds ,bates college 
01 president mr. david r. tibbetts ,beal college 
01 president. lee c. jenkins ,♦andover college 
01 president. dr. g. wayne glick ,bangor theological seminary 
01 president dr. willard enteman ,bowdoin college 
01 president dr. clara l. swan ,casco day college 
01 director nelson j. hegna ,centfa1 ha in e vocational technical institute 
01 pres-dean academic affairs. delmont h. merrill ,
01 president hr. nilliam r . cotter ,
01 superintendent r adm. edvard a. fodgers ,
01 president hr. edvard g. kaelber ,college of the atlantic 
01 dir ector hr. alan r. campbell ,eastern ha ike vocational and technical institute 
"01 president , dt. edgar 8. schick ",nasson college 
01 director * ••• * ■#•<•■•••#•« « #•••■•••••••«•••■ • richard k* ,northern maine vocational technical institute 
01 director hr. william c. collins ,county* penobscot pice identifications 002043 
0 1 president dr. anthony r. santoro ,saint joseph's college 
°l «■ «. »»». ,southern maine vocational and technical institots 
01 president ,
02 acting president dr. hilton povnr ,university of maine 
02 president. d r. einac a. olson ,♦university of maine at farmington 
02 president. ,♦university of maine at fort kent 
02 president d ,♦university of maine at machias 
02 president dr. robert l. woodbury ,♦university of southern maine 
02 president. dr. paul li. silverman ,♦ university op maine at crcno 
02 president dr. stanley f. salwak ,♦university op maine at presque isle 
01 president . mr. jack s. ketchum ,♦univepsity of new england 
01 president dr. thomas b. courtice ,westbrook college 
01 president.-. dr. donald l. alexander ,
0 1 president dr. thoaas e. plorestano ,a hue arundel cchhuh3ty college 
"01 president , ",
"01 president.,., , ",
01 president dr. g. william troxlar ,capit01 institute of technology 
01 president dr. john m. kingsnore ,catonsville cohhunity college 
i 1 : : ; : : : : : : ‘ ■ keussneii ,
05 ,
j' president. dr * robert c. schlelgor ,chesapeake college 
assistant to the president. ,college of not ee dahe of maryland 
: dr* william a. loveless ,columbia union college 
01 president dr. nafaai i ,
10 treasurer .i .’ i   “'j. 11 ll fz 9 l 1 ,
01 president. dr. john e. ravekes ,dundalk cqhhun ity college 
01 president. mr. jeffrey e. bullock ,easterh christian college 
32 director of student services mr*. jester r. kane? ,essex community coliege 
01 president dr. nelson p. guild ,frostburg state college 
01 president dr . donald l. ruhl ,garrett community college 
31 presifledt dr. rhoda m . dorsey ,goucubr college 
01 president dr. atlee c. kepler ,hagerstown junior college 
01 president dr. alfred c. o'connell ,harford community college 
0 1' president. dr. steven muller ,johns hopkins university 
01 president. ' dr. martha e. church ,hood college 
"01 president. dr, alfred j. smith jr. ",howard community college 
01 president rev. joseph a. sellinger ,loyola college 
02 chancellor dr. stanley h. dahlaan ,hast la nd instli'jie college q? art 
04 assistant to the presidpn? dc * jo&i nwagbaraocha ,♦montgomery college rockville campus 
01 president dr. robert 0. wickenheisar ,morgan state university 
01 president and dean rabbi jacob i. ruderman ,her israel ii all el nic al college 
01 director dr. elliott h. galkin ,peabody institute of johns hopkins university 
01 president. dr. robert i. bickford ,prince georges community college 
01 president mr. edwin j. celatire ,♦central office 
02 vice pres and dir development mr. j. burchenal ault ,
01 president dr. james r. jacks ,county: saint mary*3 fice identification: 0020 
01 president . rev. robert f. leavitt ,
01 president dr. thomas a. bellavance ,sali5b0ry state coliege 
01 president dr. charles w. simmons ,sojourner-dodglas college 
01 president dr. ii. mebane turner ,to w sou state university 
"jour, lib, hus, sp, ted ",♦system office 
02 chancelldr. ,
02 chancellor dr. john h. dorsoy ,•university of maryland- eastern shore 
"rad, sw ",♦ university of maryland baltimore professional schools 
02 chancellor dr. william p. ilytcl ,♦university of maryland university college 
01 president miss carolyn kanusz< ,villa julie college 
01 president hr. george a. miles ,washington bible college 
01 president dr. joseph h. mclain ,washington college 
ai f ee ;?ident. . rev. vincent d. cushing ,washington theological union 
ii p: ,
01 president. . dr. arnold h. haner ,
07 dean admis-asst pres extnl aff mr. john r. fallon ,
ns julia* i«. cibu ,
22 nlpf! id0nt . . . rev. gordon m. torgersen ,
ol president sc. bernadette hadore ,anna maria college 
01 president. sr. mary louise morgan ,♦ ♦central office 
02 president sr. julia ford ,♦aquinas junior colibge at newton 
01 president mr. joseph j. voci ,
01 president joseph h. hagan ,assumption college 
01 president dr. r. d. mccune ,♦atlantic union college 
01 president ralph z. sorenson ,babson college 
01 president. dr. jeanette t. wright ,author d. little management education institute 
01 president bocco j. losano ,bay state junior college of business 
01 president dr. gregory h. adamian ,♦sisteh office 
02 president lee eliot berk ,derklee college of music 
02 vice president »r. arnold c. weller jr. ,♦ becker junior college leicester 
02 vice president-college arnold c. weller ,♦becker junior college worcester 
"01 president rev, vincent e, labor ",berkshire christian collegb 
01 president mr. charles a. brennan ,blue hills regional technical institute 
01 president. rev. j. donald honan ,boston college 
01 president 0 treasurer dale a. duvall ,■♦boston conservatory of music 
01 president. john r. silber ,boston university 
01 president miss inge deckel ,bradford college 
01 president dr. harver h. bernstein ,drandiis university 
01 president dr. edward paul hattar iii ,cbntral hew england college of technology 
01 president . . dr. jeanette t. wright ,
01 president elocco j. losano ,bas state junior college op business 
01 president dr. gregory il. adamian ,♦system office 
02 president lee eliot nerk ,berklee college op music 
nc y ic ? p f e3id0dt mr. arnold c. weller jr. ,♦ becker junior college lit cester 
02 vice president-college arnold c. weller ,♦becker junior college worcester 
presi(5ent rev- vincent e. taber ,berkshire christian college 
"ptea ^ ent , mr. charles a. brennan ",blue hills regional technical institute 
01 president. rev. j. donald honan ,dean public communication 
01 president b treasurer dale a. duvall ,♦ boston conservator!! of hus1c 
01 president. john r. silber ,boston university 
01 president. hiss inge heckel ,bradford college 
01 president dr. flaevee h . bernstein ,bran deis university 
01 president dr. edward paul hattat iii ,central hen england college of technology 
01 president. matthew j. malloy ,♦chartberlayne junior college 
01 president dr. mortiser h. appley ,clark university 
11 president. _ u ,college of the holy cross 
01 president dr. william l. boyle jr. ,curry college 
01 president richard e. crockfocd ,dean junior college 
01 president n „ ,eastern nazarbne college 
01 president. ,♦emerson college 
01 president sr. janet eisner ,
01 president . dr. carol a. ilavkes ,
01 dean. v rev. harvey h. guthrie jr. ,
01 directdr. mr. raymond f. potter ,♦essex agricultural and technical institute 
01 president richard a. boudreau ,fisher junior college 
01 director forsytb dental center dr. john w. hein ,forsyth school of dental hygienists 
01 oirector michael c. hazzola ,fbanklih institute op bosion 
01 president dr. richard f. gross ,gordon college 
01 chief executive officer. dr. lloyd a. kalland ,gordon-con well theological seminary 
10 treasurer. * dr ‘ peniria «• gla 2 er ,
"1 president and dean of faculty., ",
0 1 president ,1elle mic colxegb-hcly cross greek ortflodox school of theology 
"04 assistant to the ’ pres id!nt ii hr ‘, th « ma s j- kosman ",
01 president. ,
01 president.- dr. don a. orton ,
02 president jonathan m. daube ,massachusetts board of regional community colleges 
02 president ms. eileen farley ,♦bristol community college 
02 president hr. harold e. shively ,♦bunker hill community college 
02 president - dr. james f. hall ,♦cape cod community college 
02 president dr. nancy ,♦greenfield community college 
02 president david «. bartley ,♦holyoke community college 
in preaid ® nb ** j  * john p * mckenzie ,♦massachusetts bay community college 
04 staff associate to president  ** *s‘ ° ,
02 president dr. james e. houlihan jr. ,middlesex cohnunity college 
02 president. dr. arthur f. haley ,♦mount kacbusett community college 
04 assistant to the president cr. jack p v w^sonn ,
02 president. dr. clifford s. peterson ,♦north shore community college 
02 president. mr. kenneth w. haskins ,♦ koxbury community college 
02 president dr. robect c. geitz ,♦springfield technical community college 
cl president. dr. raymond a. gosselin ,massachusetts college of pharmacy and allied health sciences 
01 president dr. jerome b. wiesr.er ,massachusetts institute of tech h010gy 
02 president dr. robert v. mccarth ,♦system office 
03 pyo^jluo*’uvr;‘“ '1 dr - adrian pondileau ,
04* assistant to tho president  carleton u. laporte ,
05 vice pres acadenic affairs .i. . ,
"02 president c ,, , ",
£? t9 pres - exe f president como. william s. handy ,r^«n* rds p day ? 2 !!? 2 congressional district: 12 
04 vice“pr es j| c f prg0ident ‘hr^anthony  . p cesdia ,
05 vice“pj ve p r s ^r^*-*' *****'** '^i'adei h^a bu-mousta f a ,♦salem state college 
02 president er. francis j. pilecki ,♦westfield state college 
02 president dr. joseph j. 0r2a ,♦worcester state coxlege 
0 1 president rev. john a. coughian ,herrimack college 
04 assistant to the president ,no (i hz holyoke college 
01 president dr. bryan e. carlson ,mount ida junior c0l1egs 
01 president edward j. tassinari ,newbury junior college 
01 president dr. p. dow smith ,new england college of optometry 
01 president. dr. james s. ballinger ,:oun ty: suffolk **ce identification: 00219- 
01 president dr. victor f. scalise jr. ,hew england institute op applied arts and sciences 
01 dean. hr. thomas c. fischer ,
president ~ ,nichols college 
01 president dr. kenneth g. ryder ,
01 president. rosemary g. ashby ,♦pine manor college 
29 president alumni association rev. john crowley ,♦pope john xxiii national seminary 
01 president nr. edward f> pi(5rce ,
1 president mrs. matina souretis ilorner ,raccliffe college 
1 president. sc. therese higgins ,bgis college 
chief executive officer. rev. raymond borkowski ,lint hyacinth college-seminary 
01 rectdr. - rev. robert j. banks ,int jokn*s seminary 
01 dean bruce k. macdonald ,school of the museum of fine arts- boston 
01 director richard s. teitz ,school of the worcester art museum 
01 president hilliaa j. iloloes ,simmons college 
01 president. mr. leon rotstein ,simon’s rock early college 
01 president hrs. jill k. conway ,smith college 
04 interm asst to the president dr. theodora g.‘kalikov ,southeastern massachusetts university 
04 presidential aide hr. edwin ll. hurley ,spfingfielt college 
01 president ; rev. bartley hacphaidin ,stoheh1ll college 
10 vie^preeij*'*'  a * dr - danlel perlman ,
01 president - ,
01 president dr. jean mayer ,1upts university 
01 president john b. duff ,university of lowell 
"hus, nur, ph, sp, teb ",♦central office 
02 chancellor dr. robert a. corrigan ,"harbor campus,' eoston 02125 congressional district: 9 "
02 chancellor- dean. dr. robert e. tranguada ,•university op massachusetts medical school at worcester 
01 acting president dr. carol j. johns ,wellesley college 
01 president dr. edvard t. kirkpatrick ,wentworth institute of tech nolog y 
"01 president . dr. beverly w, hiller ",western nek england college 
01 president dr. alice p. emerson ,wheaton college 
01 president dr. gordon l. marshall ,+wheel0ck college 
0 1 president. john w. chandler ,williams college 
01 president dr. edward p. liattar iii ,worces'iep ju hi cr college 
president dr. edmund t. cranch ,worcester polytechnic institute 
0-1 president. dr. donald s. stanton ,adrian college 
01 president dr. bernard t. lomas ,albion college 
01 president dr. oscar e. remick ,alma college 
"01 president dr. charles r, donnelly ",alpena community college 
01 president dr. joseph g. smoot ,andrews university 
01 president. dr. horbert o. hruby ,aquinas college 
01 president dr. anthony j. diekema ,
01 president dr. john 11. kromminga ,calvin theological seminary 
01 executive vice president hr. edvard j. kurtz ,baker junior college of business 
01 president mr. jerome l. grove ,bay de ii cc c0hhuni1y college 
01 president h r. edvin e . nuehle ,
01 president dr. harold abel ,calvin college 
01 president dr. charles n. pappas ,charles s. mott community college 
01 president mr. gilbert bursley ,cleary college 
01 president. rev. merlin s. pohl ,concordia college 
01 president mr. roy slade ,
0 1 president m c. donald maine ,* davenport college of business 
01 president . mr. donald j. carlyon ,university center 48710 congressional district: b 
01 p resident wendell johnston ,detroit dible college 
01 president. ,detroit college of business administration 
01 dean john s. abbott ,detroit college of 1aw 
01 president. ,detroit institute of technology 
president dr. john w. porter ,eastern michigan university 
01 president dr. robert l. evigleban ,ferris state college 
10 resident comptroller hr. william n. peters ,general motors institute 
01 president - dr. philip g. hard ,
01 president dr. r. ernest dear ,gog edi c community college 
01 president. dr. john t. dean ,grace el du college 
01 president. dr * k ' ,grand rapids baptist college and seminary 
01 president hr. richard calkins ,grand rapids junior college 
05 ,grand valley state colleges 
°ol assistant* to* mmum* j ! 1 i : ! *. i ! ‘ mr . howard u j.nong jr. ,great lakes bible college 
01 president dr. stuart h. bundy ,
01 president dr. comer heath iii ,highland park cohkukity college 
01 president. dr. george c. roche iii ,hillsdale college 
"ni p eesil3e,,t *-- cr. gordon van wylen ",hope college 
01 president hr. harold v. sheffer ,jackson community college 
01 president of academics dr. dewayne a. coxon ,+ jordan college 
01 president dr. george n. rainsford ,kalahakoo college 
01 president dr. dale b. lake ,kalamazoo valley community college 
01 president. dr. richard f. whitmore ,kellogg community college 
01 president dr. fhyllis i. danielson ,kendall school of design 
ol pre sident . hr. ray 0. homer ,♦ xirt1and coilhdnlty college 
01 president dr. walter f. brova ,lakh michigan college 
01 president dr. kenneth 0. shouldice ,lake soperior state college 
01 president. dr. philip j. gannon ,lansing community college 
30 vice pres for development g. ,lawrence institute of technology 
01 pres lewis college of business hs. majorie e. harris ,lewis college cf business 
06 assoc dean admis-regstutn. hr. charles w. dennis ,♦ macomb county comm unity college-center campus 
06 assoc dean admis-regstr tn hr. salvatore evangelista ,„ u congressional district: 18 
01 president. sr. hary francilene ,hadohna college 
01 president dr. john e. shay jr. ,congressional district: * 
01 president. s c . agnes mary mansour ,mercy college of detroit 
01 president. fir . miltdr. fletcher ,
01 president dr. cecil hackey ,michigan state university 
0 1 president •* ■ • ,michigan technological university 
01 president. - dr - e !i? erie lla ,hid michigan community college 
01 president dr. ^nald campbell ,♦monroe county community college 
01 president robert d. jewell ,montcalm community college 
04 assistant to the president mrs. carolyn iversen ,muskegon community college 
"01 president n _ , ",
president hr. alfred d. shankland ,
01 president dr. john x< jaorich ,northern michigan university 
3? dr   william j. yankee ,northwestern michigan college 
tl ex !? 0 ^icer hr. thomas j. brown ,
01 president hr. robert f. e ° e nr0 i l ,congressional distri-c * y6 o 
01 rector-president rev. kenneth e. untener ,entity nuober: 1-30- 171-4400-* 
01 president rev. leonard f. chrofcot ,saint hary's college 
32 vice llll ? us \ n ? s a hc > *• kennetl » lindner ,schoolcraft college 
01 president dr . rooallus c. hurphy ,
01 president. de. louis c. vaccaro ,siena heights college 
a<! president. • dr. russell m. owen ,southwestern michigan college 
or p f eside 4 t * • dr. kenneth h. coffman ,spring arbor college 
01 president mr. thomas e. brennan ,
01 president dr- harold t. shapiro ,
01 president rev. robert mitchell ,university of detroit 
02 chancellor dr * a> ,♦central office 
02 chancellor dr. canny e. nelson ,♦university of hich1g a n-fii nt 
11 president cr. jeffery u. barry ,ialsk college of accountancy amd business administration 
0 assistant to the president hr. david s. poliolk ,fashtehaw community college 
i president. _ . ,
01 president dr. thomas n. bonner ,wayne state university 
04 asst to the president hc< martin r gaole ,western michigan university 
01 president i. dr. carl ii. ,
01 pronidont dr. john h. eaton ,♦central office 
01 president dr. carl h. lundquist ,75 dean instr uction-occupa tional. . « hr. terry luxford 
01 president dr. charles s. anderson ,m!g!>1)urg college 
"01 president * hr , paul iielland ",
02 vice pres and dean of seminary dr. gordon g. johnson ,county: ramsey ?ic* identification: 009059 
01 assistant director ^ richard lingovski ,brown institute 
01 president peter v. stanley ,
"01 president sr, eaoanuel renner ",college op saint benedict 
01 president sr. catherine mcnamee ,college op saint catherine 
.4 assistant tc the president sc . market j? lau5hun ,ccllege of saint sceolastica 
01 president. mr. thomas j. hamilton ,college of saint teresa 
01 president msgr. terrence j. murphy ,college of saint thomas 
01 president dr . paul j. dovre ,concordia college at moorhead 
"0 1 fcooidant nr r ul ,, „ ",
01 interim president dr. abner v. arthur ,county: nicollet lie'' ; 2 
01 chancellor rev. james g. hoeglein ,crosier seminary 
01 preside rev. l1 °y d huebnec ,
01 president l‘‘' philip worthington ,golden valley lu theban college 
01 president dr. edgar m. carlson ,congressional district: u 
45 adminv assistant to president £ m!b«t p roth ,countv * ransev fice identification: 002357 
01 president jacfc ei possnann ,
01 dean dr. john t. shepherd ,
02 president dr. nell christenson ,medical institute of h1nnesota 
01 president . hr. james d. daras ,
01 president. dt. jerome j. ilausman ,minneapolis college cf art design 
01 president bcuce e . milec ,minnesota eible college 
02 president mr. arlan a. durraeister ,♦austin community college 
02 president dr. curtis mutton ,♦brainerd community college 
02 president. mr. wesley a. haage ,♦fergus falls community college 
02 president mr. gilbert h. staupe ,ik ew 00 t) community college 
02 president dr.-- curtis w. johnson ,♦minneapolis community college 
02 president ,
02 president ,
02 president dr. t. a. easton ,♦ north la hd community college 
01 president dr. carl c. andersen ,♦rainy river community college 
02 president. mr . charles l. hill ,♦rochester community college 
02 president dr. john w. torgelson ,♦vesmilicn community college 
02 president dr. frederick vodn ,♦worthington community college 
01 president dr . d on ii. argue ,noptii central bible college 
01 president. hr. norris j. nelson ,northwest technical institute 
"01 acting president e pu in,_ ",
01 president bro. peter clifford ,saint mary's college 
01 president ** dr t honas g. scheller ,
01 president hr. joseph h. levinkel ,saint paol bible college 
“i rector rev. charles i. proehle ,
president. miss virginia rabja ,school of the associated arts 
02 president dr. rebecca stafford ,♦system office 
02 president dr. margaret r. preska ,♦mankato state 0niversity 
02 president . . dr. reatha clark king ,♦metropolitan state university 
* president ,
02 president dr. charles j. graham ,♦saint cloud s1ate university 
02 p resident ‘ . dr. judith a. stucnick ,♦ southwest state university 
02 president ,
01 president. ,united t8eolo jk'al d 2 » ina j f 
02 pro voat ,♦central office 
02 director of education. dr. john t. shepherd ,♦ university of minnesota mayo graduate sciicoi of medicine 
s’! president. dr. c . peter hagrath ,♦university of minnesota of minneapolis saint paul 
02 provost dr. john q. imholte ,♦university of minnesota at morris 
02 provost dr. stanley d. sahlstroo ,♦university of minnesota technical college at crockston 
01 president r ,♦university of minnesota technical college at waseca 
01 president 0c. hckir.ley c. nartin ,william mitchell college of law 
"05 dean and dir summer session 3 , ",copiah-lincoln junior college 
01 president . dr. jack w. gunn ,
01 president charles v. wright ,east central junior college 
01 president dr. w. o. benjamin ,itawamba junior college 
01 president mr. clois cheatham ,
01 president dr. clyde muse ,hinds junior c0llegi 
ns p n”* ldent * nr - murray r. thorne ,holmes junior college 
01 president dr. john a. peoples jr» ,+jackson state university 
"04 assistant to the president mr, william l. morris ",jones county junior college 
01 president. - dr. joseph a. sore ,mart holmes college 
01 president. dr. william f. scaggs ,♦meridian junior coilbge 
01 president. dr. george h. harmon ,millsaps college 
01 president lewis nobles ,mississippi college 
01 president dr. j. t. hall ,mississippi delta junior college 
01 president dr. j. j. hayden jr. ,perkinston 39573 congressional district: 5 
01 president dr. theodore r. debro ,♦mississippi industrial college 
"01 president dr, james d. hccomas ",mississippi state 39762 congressional district: 2 
01 president f r t _ ni __ u ,mississippi university fcr women 
kssilvkss;!?::::::::::::::; k r ,
01 president harold t. white ,
os eside   t> ••■•••••• mr. henry b. koon ,northwest mississippi junior college 
"^ 2” eia,   ,t ot- »«r.in r. white ",
s k: x -: :::::::::::::: ::: - j 5 f ,
01 president hr. gerald c. phillips ,
01 president dr. a. l. johnson ,prentiss normal ane industrial institute 
01 president dr. luder g. whitlock jr. ,southwest mississippi junior college 
01 president dr. george a. owens ,
01 president dr. william a. mcmillan ,rust college 
"hus, phar, sp, sw, ted ",university 38677 
"1imt, nur, pta,. rac, bsti1t ",♦university op mississippi medical center 
01 president dr. aubrey k. lucas ,university of southern mississippi 
01 president hr. j. louis stokes ,utica junior college 
01 president dev. david a. watson ,wesley college 
01 president dr. james r. noonkester ,william carey college 
in rres * den ** dr. felix a. sutphin ,wood junior college 
01 president . dr. thomas f. zimmerman ,assemblies of god graduate school 
01 president sr. olive l. dallavis ,avila college 
01 president dr. william e. dowell ,baptist elfile college 
01 president dr. leslie p. madison ,basic institute of technology 
01 rector v rev. francis a. gaydos ,cardinal g1enn0h college 
01 president dr. a. martial capbern ,cardinal newman college 
01 president. philip crouch ,central bible college 
01 president. lloyd k. pelfrey ,central christian college of the eible 
0 1 president joseph a. howell ,central methodist college 
01 president dr. james m. horner ,central missouri state university 
)1 president . dr. john h. tietjen ,christ seminary- semin ex 
01 president dr. c. s. cleveland jr. ,cleveland chiropractic college 
01 president dr. bruce b. kelly ,columbia college 
01 rector and president. rev. isaac true ,conception seminary college 
0 1 president. dr. ralph a. eolhmann ,
01 president dr. evelyn l. hilam ,cottey college 
01 acting president dr. jorge l. padron ,
0 1 -president dr. william s. barker ,co vena n'l theological seminary 
« ^raca^ic ,crowded college 
01 president. . .   _ dr< jav calhoun ,c* nt °» *3435 r^rsnrufsitss'msu; 
11 »«-„*»«»;«; ■; ;;kk! ,east central missouri district junior college 
0 1 president ,evangel college 
01 president „ ,
01 president dr. gerald martin ,
01 president. dr. henry givens jr. ,harris-stove state college 
01 president dc . b. ray henry ,jefferson college 
01 president. john lottes ,kansas city art institute 
» >s£^.:r s! ,university of health sciences college of osteopathic medicine 
s 3 1 b gen - loyd p - rl'iddlehoover ,
01 president-rectdr. ro „ ,
01 president dr. ilobert c. moore ,kirksville college of osteopathic medicine 
01 president ° r * james prank ,lincoln university 
01 acting president dr. beatrice b. hagen ,+ t11e lindenw00e colleges 
01 president dr. claudius h. pritchard ,maryville colleg b -s ai nt l0ui5 
02 president. • robert trevc ,cnnnt v * lacksoa fice identification: 009140 
02 president mr. andrew v. stevenson ,♦maple woods community college 
02 president dr. zelena h. harris ,♦ pioneer community college 
01 president. dr. hilton ferguson ,♦midwestern baptist theological seminary 
01 president richard p. caster ,
01 president. dr. robert s. sutherland ,missouri baptist college 
01 president charles r. levalley ,missouri institute of technology 
01 president dr. donald c. darnton ,missouri southern state college 
01 president dr. robert j. glass ,missouri valley college 
01 president dr. harvin 0. looney ,missouri western state college 
01 president et- b. j-* 0wens ,horthwest missouri state dhiversity 
01 president dr. andrew komar jr. ,mobbply junior college 
01 president dale schatz ,nazarene theclcgical seminary 
01 president^ sr! bari beaty ,park college 
01 president «*• chacle * c 1 ,saint louis college of pharmacy 
congressional district: 9 ,
. hr. glenn j. wiegert ,
"01 president s , te ? h ®  ",♦saint louis cohhunity college at fcrest park 
01 acting president rabbi yitzchok kleiman ,♦saint louis rabbinical college 
01 president rev. thomas r. fitzgerald ,♦ central office 
05 dean of ^ i ^ ^ ^ ,
01 president.   sr. anthony naes ,saint hart's college of o'fallon 
01 president v rev. hiliiam 2. hartenbach ,♦saint mary's seminary and college 
dr. howell keeter ,saint paul school of theology 
01 president dr. bill w. stacy ,southeast missouri state university 
03 president dr. harlan spurgeon ,
01 president dr. duane g. beyer ,southwest missouri state university 
01 president mr. fred e. davis ,countv* pettis fice identification: 008080 
01 president. arland f. christ-janor ,stephens college 
01 president dr. roy mcintosh ,task io college 
01 president. . ,three rivers community college 
01 president. - p ^ u j- a ; jj 10 * 1 ; 1 ,♦•trent cn junior c0liege 
"eng, pider, for, usa , ipsy, jour, law, lib, med, mt, hus, ",♦central office 
fice identification: 002518 ,♦university of hisscuri-k ans as city 
02 chancellor joseph h. marchellc ,♦university of hissourt-rolla 
